id,word
1,commitment
2,straight
3,meticulous
4,influences
5,disillusioned
6,prestigious
7,sanctity
8,conferred
9,associate
10,jeered
11,assignments
12,achieve
13,crumble
14,inaugurated
15,arduous
16,possess
17,summertime
18,synchronize
19,recourse
20,engrossed
21,bouquet
22,irreplaceable
23,cougar
24,corruption
25,pessimistic
26,dessert
27,Fahrenheit
28,pallet
29,appreciate
30,congregation
31,inflatable
32,millennium
33,communist
34,perspective
35,necessary
36,incessant
37,encroachment
38,consecrated
39,genuine
40,elusive
41,discrepancy
42,spontaneous
43,achievement
44,significant
45,ingredients
46,subscription
47,comprehensive
48,terrorize
49,flabbergasted
50,catastrophe
51,segregate
52,qualifications
53,approximately
54,impoverishment
55,augment
56,exploitation
57,receive
58,anxious
59,delicacies
60,indigenous
61,unveiled
62,resilience
63,fidgeting
64,contiguous
65,pronunciation
66,pronounce
67,concoction
68,prioritize
69,molasses
70,intercede
71,condone
72,routine
73,renree
74,advertisements
75,deacons
76,unnecessary
77,wrongdoing
78,rhythm
79,wrapper
80,vengeance
81,endorse
82,lieutenant
83,barrio
84,nominee
85,discretion
86,advancement
87,gymnasium
88,opaque
89,excessive
90,miscellaneous
91,commemorates
92,courageous
93,enthusiasm
94,consensus
95,archive
96,arranged
97,campaign
98,referring
99,recipe
100,experience
101,exclusive
102,equipped
103,expenditure
104,graduate
105,colleague
106,parliament
107,strength
108,commercial
109,tableau
110,playwright
111,opportunity
112,yield
113,immigrant
114,temperature
115,participate
116,requirement
117,failure
118,cellular
119,formation
120,recite
121,cooperate
122,college
123,advancement
124,queue
125,purchase
126,Yuletide
127,compassion
128,laude
129,increase
130,litigate
131,syrup
132,distribute
133,patient
134,irritated
135,attitude
136,unique
137,browse
138,literature
139,exercise
140,maintain
141,physical
142,approachable
143,diligent
144,wholesome
145,appear
146,reliable
147,dismissal
148,portrait
149,modify
150,confusion
151,culture
152,pleasant
153,creatures
154,beautiful
155,traits
156,benefit
157,competition
158,scold
159,consequences
160,auditorium
161,leisure
162,audience
163,illustrate
164,decorous
165,nutrition
166,malnourished
167,underweight
168,distinct
169,vehicle
170,whisper
171,persistent
172,encounter
173,vibrant
174,features
175,billboard
176,request
177,businessman
178,credentials
179,threaten
180,supplies
181,acquire
182,sufficient
183,society
184,sympathy
185,attainment
186,refuge
187,decrease
188,typhoon
189,archipelago
190,patriotism
191,adventurous
192,curious
193,rescue
194,evacuate
195,wavelength
196,procedure
197,gesture
198,strange
199,argument
200,treasure
201,existence
202,efficiently
203,discussion
204,avoid
205,compartment
206,sketch
207,awardee
208,announcement
209,precise
210,reunion
211,marathon
212,thieves
213,masculine
214,feminine
215,tumult
216,permitted
217,physician
218,ministry
219,applause
220,impressive
221,distinguish
222,immediately
223,contraction
224,allowance
225,glossary
226,instinct
227,essence
228,commencement
229,assemble
230,committee
231,galleon
232,charter
233,situation
234,decline
235,attentive
236,accompany
237,instance
238,rhyme
239,chuckle
240,sandcastle
241,breathe
242,surrounded
243,hollow
244,drunk
245,passive
246,prediction
247,opposite
248,elaborate
249,gorgeous
250,brilliance
251,entertain
252,assorted
253,shepherd
254,miserable
255,buried
256,graveyard
257,fountain
258,dilemma
259,legible
260,undisputed
261,schoolmate
262,expression
263,trouble
264,weather
265,bundle
266,healthy
267,village
268,brought
269,decision
270,strive
271,tomorrow
272,parquet
273,refrigerate
274,registration
275,exhibit
276,admire
277,discontented
278,monument
279,sailor
280,peaceful
281,determination
282,statement
283,quantum
284,quiet
285,repetition
286,imagery
287,appropriate
288,reduce
289,convince
290,publication
291,permission
292,united
293,independence
294,commission
295,sustain
296,sentiments
297,parasite
298,discipline
299,criticize
300,persuade
